"0","library(tidyverse)"
"0","attacking <- read.csv(""data/attacking.csv"")"
"0","attempts <- read.csv(""data/attempts.csv"")"
"0","defending <- read.csv(""data/defending.csv"")"
"0","disciplinary <- read.csv(""data/distributon.csv"")"
"0",""
"0","# cambio de nombres"
"0","defending <- defending %>%"
"0","  rename("
"0","    serial = serial,"
"0","    nombre_jugador = player_name,"
"0","    equipo = club,"
"0","    posicion = position,"
"0","    balones_recuperados = balls_recoverd,"
"0","    entradas = tackles,"
"0","    entradas_ganadas = t_won,"
"0","    entradas_perdidas = t_lost,"
"0","    despejes_intentados = clearance_attempted,"
"0","    partidos_jugados = match_played"
"0","  )"
